target_id,domain,original_url,clean_url,strategy,provider,proxy_type,proxy_country,attempt_number,strategy_rank,selection_reason,predicted_score,start_timestamp,elapsed_ms,http_status,final_url,response_classification,response_bytes,upload_bytes,download_bytes,acquisition_success,error_code,error_message,extracted_product_name,extracted_product_id,extracted_price,extracted_availability,product_correct,required_fields_present,location_correct,fully_validated,cost_type,rate_per_gb,estimated_cost,outcome_status,cumulative_target_cost,fallback_used
N02-001,Kroger,https://www.kroger.com/p/colgate-baking-soda-and-peroxide-whitening-toothpaste-in-brisk-mint/0003500051092?fulfillment=DELIVERY,https://www.kroger.com/p/colgate-baking-soda-and-peroxide-whitening-toothpaste-in-brisk-mint/0003500051092?fulfillment=DELIVERY,Context.dev,Context.dev,None,US,1,1,High success rate for non-ZIP Kroger PDPs,0.85,2026-09-10T16:41:29.932015+00:00,1535,200,https://www.kroger.com/p/colgate-baking-soda-and-peroxide-whitening-toothpaste-in-brisk-mint/0003500051092?fulfillment=DELIVERY,VALIDATION_FAILED,420386,327,420386,False,NONE,None,"Colgate Baking Soda and Peroxide Whitening Toothpaste in Brisk Mint, 4 oz",0003500051092,1.99,http://schema.org/InStock,True,True,True,False,cost_unavailable,,0.0,VALIDATION_FAILED,0.0,False
N02-001,Kroger,https://www.kroger.com/p/colgate-baking-soda-and-peroxide-whitening-toothpaste-in-brisk-mint/0003500051092?fulfillment=DELIVERY,https://www.kroger.com/p/colgate-baking-soda-and-peroxide-whitening-toothpaste-in-brisk-mint/0003500051092?fulfillment=DELIVERY,String,String,None,US,2,2,Secondary API candidate,0.5,2026-09-10T16:41:31.515573+00:00,5027,200,https://www.kroger.com/p/colgate-baking-soda-and-peroxide-whitening-toothpaste-in-brisk-mint/0003500051092?fulfillment=DELIVERY,VALIDATION_FAILED,401790,327,401790,False,NONE,None,"Colgate Baking Soda and Peroxide Whitening Toothpaste in Brisk Mint, 4 oz",0003500051092,1.99,http://schema.org/InStock,True,True,True,False,cost_unavailable,,0.0,VALIDATION_FAILED,0.0,True
N02-001,Kroger,https://www.kroger.com/p/colgate-baking-soda-and-peroxide-whitening-toothpaste-in-brisk-mint/0003500051092?fulfillment=DELIVERY,https://www.kroger.com/p/colgate-baking-soda-and-peroxide-whitening-toothpaste-in-brisk-mint/0003500051092?fulfillment=DELIVERY,GeoNode Res,Donut (Residential),Residential,US,3,3,Residential browser rendering fallback,0.5,2026-09-10T16:41:36.585368+00:00,20629,,https://www.kroger.com/p/colgate-baking-soda-and-peroxide-whitening-toothpaste-in-brisk-mint/0003500051092?fulfillment=DELIVERY,TIMEOUT,0,436,0,False,ERR_TIMEOUT,Hard timeout after 20s,,,,,False,False,True,False,estimated_browser_bandwidth_cost,0.57,2.4851999999999995e-07,ACQUISITION_FAILED,2.4851999999999995e-07,True
N02-002,Kroger,https://www.kroger.com/p/suave-essentials-daily-clarifying-shampoo-deep-cleansing-for-all-hair-types-22-5-fl-oz/0038371100458?fulfillment=DELIVERY,https://www.kroger.com/p/suave-essentials-daily-clarifying-shampoo-deep-cleansing-for-all-hair-types-22-5-fl-oz/0038371100458?fulfillment=DELIVERY,Context.dev,Context.dev,None,US,1,1,High success rate for non-ZIP Kroger PDPs,0.85,2026-09-10T16:41:29.932518+00:00,2239,200,https://www.kroger.com/p/suave-essentials-daily-clarifying-shampoo-deep-cleansing-for-all-hair-types-22-5-fl-oz/0038371100458?fulfillment=DELIVERY,VALIDATION_FAILED,422260,346,422260,False,NONE,None,"Suave Essentials Daily Clarifying Shampoo, Deep Cleansing for All Hair Types, 22.5 FL OZ, 22.5 fl oz",0038371100458,2.0,http://schema.org/InStock,True,True,True,False,cost_unavailable,,0.0,VALIDATION_FAILED,0.0,False
N02-002,Kroger,https://www.kroger.com/p/suave-essentials-daily-clarifying-shampoo-deep-cleansing-for-all-hair-types-22-5-fl-oz/0038371100458?fulfillment=DELIVERY,https://www.kroger.com/p/suave-essentials-daily-clarifying-shampoo-deep-cleansing-for-all-hair-types-22-5-fl-oz/0038371100458?fulfillment=DELIVERY,String,String,None,US,2,2,Secondary API candidate,0.5,2026-09-10T16:41:32.249473+00:00,12281,200,https://www.kroger.com/p/suave-essentials-daily-clarifying-shampoo-deep-cleansing-for-all-hair-types-22-5-fl-oz/0038371100458?fulfillment=DELIVERY,VALIDATION_FAILED,402435,346,402435,False,NONE,None,"Suave Essentials Daily Clarifying Shampoo, Deep Cleansing for All Hair Types, 22.5 FL OZ, 22.5 fl oz",0038371100458,2.0,http://schema.org/InStock,True,True,True,False,cost_unavailable,,0.0,VALIDATION_FAILED,0.0,True
N02-002,Kroger,https://www.kroger.com/p/suave-essentials-daily-clarifying-shampoo-deep-cleansing-for-all-hair-types-22-5-fl-oz/0038371100458?fulfillment=DELIVERY,https://www.kroger.com/p/suave-essentials-daily-clarifying-shampoo-deep-cleansing-for-all-hair-types-22-5-fl-oz/0038371100458?fulfillment=DELIVERY,GeoNode Res,Donut (Residential),Residential,US,3,3,Residential browser rendering fallback,0.5,2026-09-10T16:41:44.605486+00:00,20494,,https://www.kroger.com/p/suave-essentials-daily-clarifying-shampoo-deep-cleansing-for-all-hair-types-22-5-fl-oz/0038371100458?fulfillment=DELIVERY,TIMEOUT,0,436,0,False,ERR_TIMEOUT,Hard timeout after 20s,,,,,False,False,True,False,estimated_browser_bandwidth_cost,0.57,2.4851999999999995e-07,ACQUISITION_FAILED,2.4851999999999995e-07,True
N02-003,Kroger,https://www.kroger.com/p/nature-s-own-honey-wheat-bread-non-gmo-sandwich-bread-20-oz-loaf/0007225003706?fulfillment=DELIVERY,https://www.kroger.com/p/nature-s-own-honey-wheat-bread-non-gmo-sandwich-bread-20-oz-loaf/0007225003706?fulfillment=DELIVERY,Context.dev,Context.dev,None,US,1,1,High success rate for non-ZIP Kroger PDPs,0.85,2026-09-10T16:41:29.932653+00:00,1867,200,https://www.kroger.com/p/nature-s-own-honey-wheat-bread-non-gmo-sandwich-bread-20-oz-loaf/0007225003706?fulfillment=DELIVERY,VALIDATION_FAILED,462513,324,462513,False,NONE,None,"Nature's Own Honey Wheat Bread, Non-GMO Sandwich Bread, 20 oz Loaf, 20 oz",0007225003706,4.29,http://schema.org/InStock,True,True,True,False,cost_unavailable,,0.0,VALIDATION_FAILED,0.0,False
N02-003,Kroger,https://www.kroger.com/p/nature-s-own-honey-wheat-bread-non-gmo-sandwich-bread-20-oz-loaf/0007225003706?fulfillment=DELIVERY,https://www.kroger.com/p/nature-s-own-honey-wheat-bread-non-gmo-sandwich-bread-20-oz-loaf/0007225003706?fulfillment=DELIVERY,String,String,None,US,2,2,Secondary API candidate,0.5,2026-09-10T16:41:31.861468+00:00,5071,200,https://www.kroger.com/p/nature-s-own-honey-wheat-bread-non-gmo-sandwich-bread-20-oz-loaf/0007225003706?fulfillment=DELIVERY,VALIDATION_FAILED,458063,324,458063,False,NONE,None,"Nature's Own Honey Wheat Bread, Non-GMO Sandwich Bread, 20 oz Loaf, 20 oz",0007225003706,4.29,http://schema.org/InStock,True,True,True,False,cost_unavailable,,0.0,VALIDATION_FAILED,0.0,True
N02-003,Kroger,https://www.kroger.com/p/nature-s-own-honey-wheat-bread-non-gmo-sandwich-bread-20-oz-loaf/0007225003706?fulfillment=DELIVERY,https://www.kroger.com/p/nature-s-own-honey-wheat-bread-non-gmo-sandwich-bread-20-oz-loaf/0007225003706?fulfillment=DELIVERY,GeoNode Res,Donut (Residential),Residential,US,3,3,Residential browser rendering fallback,0.5,2026-09-10T16:41:37.003170+00:00,20466,,https://www.kroger.com/p/nature-s-own-honey-wheat-bread-non-gmo-sandwich-bread-20-oz-loaf/0007225003706?fulfillment=DELIVERY,TIMEOUT,0,436,0,False,ERR_TIMEOUT,Hard timeout after 20s,,,,,False,False,True,False,estimated_browser_bandwidth_cost,0.57,2.4851999999999995e-07,ACQUISITION_FAILED,2.4851999999999995e-07,True
N02-004,Kroger,https://www.kroger.com/p/kroger-salted-butter-sticks/0001111089301,https://www.kroger.com/p/kroger-salted-butter-sticks/0001111089301,Context.dev,Context.dev,None,US,1,1,High success rate for non-ZIP Kroger PDPs,0.85,2026-09-10T16:41:29.932832+00:00,1822,200,https://www.kroger.com/p/kroger-salted-butter-sticks/0001111089301,VALIDATION_FAILED,436168,266,436168,False,NONE,None,"Kroger® Salted Butter Sticks, 4 sticks / 16 oz",0001111089301,3.49,http://schema.org/InStock,True,True,True,False,cost_unavailable,,0.0,VALIDATION_FAILED,0.0,False
N02-004,Kroger,https://www.kroger.com/p/kroger-salted-butter-sticks/0001111089301,https://www.kroger.com/p/kroger-salted-butter-sticks/0001111089301,String,String,None,US,2,2,Secondary API candidate,0.5,2026-09-10T16:41:31.842654+00:00,12430,200,https://www.kroger.com/p/kroger-salted-butter-sticks/0001111089301,VALIDATION_FAILED,442437,266,442437,False,NONE,None,"Kroger® Salted Butter Sticks, 4 sticks / 16 oz",0001111089301,3.49,http://schema.org/InStock,True,True,True,False,cost_unavailable,,0.0,VALIDATION_FAILED,0.0,True
N02-004,Kroger,https://www.kroger.com/p/kroger-salted-butter-sticks/0001111089301,https://www.kroger.com/p/kroger-salted-butter-sticks/0001111089301,GeoNode Res,Donut (Residential),Residential,US,3,3,Residential browser rendering fallback,0.5,2026-09-10T16:41:44.355959+00:00,20474,,https://www.kroger.com/p/kroger-salted-butter-sticks/0001111089301,TIMEOUT,0,436,0,False,ERR_TIMEOUT,Hard timeout after 20s,,,,,False,False,True,False,estimated_browser_bandwidth_cost,0.57,2.4851999999999995e-07,ACQUISITION_FAILED,2.4851999999999995e-07,True
N02-005,Kroger,https://www.kroger.com/p/every-man-jack-men-s-sandalwood-teak-aluminum-free-deodorant/0087863900023?fulfillment=DELIVERY,https://www.kroger.com/p/every-man-jack-men-s-sandalwood-teak-aluminum-free-deodorant/0087863900023?fulfillment=DELIVERY,Context.dev,Context.dev,None,US,1,1,High success rate for non-ZIP Kroger PDPs,0.85,2026-09-10T16:41:29.932945+00:00,1713,200,https://www.kroger.com/p/every-man-jack-men-s-sandalwood-teak-aluminum-free-deodorant/0087863900023?fulfillment=DELIVERY,VALIDATION_FAILED,424301,320,424301,False,NONE,None,"Every Man Jack Men's Sandalwood Teak Aluminum Free Deodorant, 3 Ounces",0087863900023,6.49,http://schema.org/InStock,True,True,True,False,cost_unavailable,,0.0,VALIDATION_FAILED,0.0,False
N02-005,Kroger,https://www.kroger.com/p/every-man-jack-men-s-sandalwood-teak-aluminum-free-deodorant/0087863900023?fulfillment=DELIVERY,https://www.kroger.com/p/every-man-jack-men-s-sandalwood-teak-aluminum-free-deodorant/0087863900023?fulfillment=DELIVERY,String,String,None,US,2,2,Secondary API candidate,0.5,2026-09-10T16:41:31.693567+00:00,13663,200,https://www.kroger.com/p/every-man-jack-men-s-sandalwood-teak-aluminum-free-deodorant/0087863900023?fulfillment=DELIVERY,VALIDATION_FAILED,415570,320,415570,False,NONE,None,"Every Man Jack Men's Sandalwood Teak Aluminum Free Deodorant, 3 Ounces",0087863900023,6.49,http://schema.org/InStock,True,True,True,False,cost_unavailable,,0.0,VALIDATION_FAILED,0.0,True
N02-005,Kroger,https://www.kroger.com/p/every-man-jack-men-s-sandalwood-teak-aluminum-free-deodorant/0087863900023?fulfillment=DELIVERY,https://www.kroger.com/p/every-man-jack-men-s-sandalwood-teak-aluminum-free-deodorant/0087863900023?fulfillment=DELIVERY,GeoNode Res,Donut (Residential),Residential,US,3,3,Residential browser rendering fallback,0.5,2026-09-10T16:41:45.419939+00:00,20421,,https://www.kroger.com/p/every-man-jack-men-s-sandalwood-teak-aluminum-free-deodorant/0087863900023?fulfillment=DELIVERY,TIMEOUT,0,436,0,False,ERR_TIMEOUT,Hard timeout after 20s,,,,,False,False,True,False,estimated_browser_bandwidth_cost,0.57,2.4851999999999995e-07,ACQUISITION_FAILED,2.4851999999999995e-07,True
N02-006,Kroger,https://www.kroger.com/p/native-coconut-vanilla-deodorant/0081215403001,https://www.kroger.com/p/native-coconut-vanilla-deodorant/0081215403001,Context.dev,Context.dev,None,US,1,1,High success rate for non-ZIP Kroger PDPs,0.85,2026-09-10T16:41:29.933104+00:00,1624,200,https://www.kroger.com/p/native-coconut-vanilla-deodorant/0081215403001,VALIDATION_FAILED,562577,271,562577,False,NONE,None,"Native Coconut & Vanilla Deodorant, 2.65 oz",0081215403001,13.99,http://schema.org/InStock,True,True,True,False,cost_unavailable,,0.0,VALIDATION_FAILED,0.0,False
N02-006,Kroger,https://www.kroger.com/p/native-coconut-vanilla-deodorant/0081215403001,https://www.kroger.com/p/native-coconut-vanilla-deodorant/0081215403001,String,String,None,US,2,2,Secondary API candidate,0.5,2026-09-10T16:41:31.604047+00:00,4174,200,https://www.kroger.com/p/native-coconut-vanilla-deodorant/0081215403001,VALIDATION_FAILED,426298,271,426298,False,NONE,None,"Native Coconut & Vanilla Deodorant, 2.65 oz",0081215403001,13.99,http://schema.org/InStock,True,True,True,False,cost_unavailable,,0.0,VALIDATION_FAILED,0.0,True
N02-006,Kroger,https://www.kroger.com/p/native-coconut-vanilla-deodorant/0081215403001,https://www.kroger.com/p/native-coconut-vanilla-deodorant/0081215403001,GeoNode Res,Donut (Residential),Residential,US,3,3,Residential browser rendering fallback,0.5,2026-09-10T16:41:35.848484+00:00,21366,,https://www.kroger.com/p/native-coconut-vanilla-deodorant/0081215403001,TIMEOUT,0,436,0,False,ERR_TIMEOUT,Hard timeout after 20s,,,,,False,False,True,False,estimated_browser_bandwidth_cost,0.57,2.4851999999999995e-07,ACQUISITION_FAILED,2.4851999999999995e-07,True
N02-007,Kroger,https://www.kroger.com/p/allegra-adult-24-hour-non-drowsy-allergy-relief-antihistamine-tablets-with-180-mg-fexofenadine-hci/0004116741240,https://www.kroger.com/p/allegra-adult-24-hour-non-drowsy-allergy-relief-antihistamine-tablets-with-180-mg-fexofenadine-hci/0004116741240,Context.dev,Context.dev,None,US,1,1,High success rate for non-ZIP Kroger PDPs,0.85,2026-09-10T16:41:29.933214+00:00,2320,200,https://www.kroger.com/p/allegra-adult-24-hour-non-drowsy-allergy-relief-antihistamine-tablets-with-180-mg-fexofenadine-hci/0004116741240,VALIDATION_FAILED,546568,337,546568,False,NONE,None,"Allegra Adult 24-Hour Non-Drowsy Allergy Relief Antihistamine Tablets with 180 mg Fexofenadine HCI, 90 ct",0004116741240,39.99,http://schema.org/InStock,True,True,True,False,cost_unavailable,,0.0,VALIDATION_FAILED,0.0,False
N02-007,Kroger,https://www.kroger.com/p/allegra-adult-24-hour-non-drowsy-allergy-relief-antihistamine-tablets-with-180-mg-fexofenadine-hci/0004116741240,https://www.kroger.com/p/allegra-adult-24-hour-non-drowsy-allergy-relief-antihistamine-tablets-with-180-mg-fexofenadine-hci/0004116741240,String,String,None,US,2,2,Secondary API candidate,0.5,2026-09-10T16:41:32.316214+00:00,4891,200,https://www.kroger.com/p/allegra-adult-24-hour-non-drowsy-allergy-relief-antihistamine-tablets-with-180-mg-fexofenadine-hci/0004116741240,VALIDATION_FAILED,412998,337,412998,False,NONE,None,"Allegra Adult 24-Hour Non-Drowsy Allergy Relief Antihistamine Tablets with 180 mg Fexofenadine HCI, 90 ct",0004116741240,39.99,http://schema.org/InStock,True,True,True,False,cost_unavailable,,0.0,VALIDATION_FAILED,0.0,True
N02-007,Kroger,https://www.kroger.com/p/allegra-adult-24-hour-non-drowsy-allergy-relief-antihistamine-tablets-with-180-mg-fexofenadine-hci/0004116741240,https://www.kroger.com/p/allegra-adult-24-hour-non-drowsy-allergy-relief-antihistamine-tablets-with-180-mg-fexofenadine-hci/0004116741240,GeoNode Res,Donut (Residential),Residential,US,3,3,Residential browser rendering fallback,0.5,2026-09-10T16:41:37.247293+00:00,20430,,https://www.kroger.com/p/allegra-adult-24-hour-non-drowsy-allergy-relief-antihistamine-tablets-with-180-mg-fexofenadine-hci/0004116741240,TIMEOUT,0,436,0,False,ERR_TIMEOUT,Hard timeout after 20s,,,,,False,False,True,False,estimated_browser_bandwidth_cost,0.57,2.4851999999999995e-07,ACQUISITION_FAILED,2.4851999999999995e-07,True
N02-008,Kroger,https://www.kroger.com/p/claritin-liqui-gels-24-hour-non-drowsy-allergy-relief-capsules-loratadine-10mg/0004110080798?fulfillment=DELIVERY,https://www.kroger.com/p/claritin-liqui-gels-24-hour-non-drowsy-allergy-relief-capsules-loratadine-10mg/0004110080798?fulfillment=DELIVERY,Context.dev,Context.dev,None,US,1,1,High success rate for non-ZIP Kroger PDPs,0.85,2026-09-10T16:41:29.933334+00:00,1458,200,https://www.kroger.com/p/claritin-liqui-gels-24-hour-non-drowsy-allergy-relief-capsules-loratadine-10mg/0004110080798?fulfillment=DELIVERY,VALIDATION_FAILED,409942,338,409942,False,NONE,None,"Claritin Liqui-Gels 24-Hour Non-Drowsy Allergy Relief Capsules Loratadine 10mg, 30 ct",0004110080798,19.99,http://schema.org/InStock,True,True,True,False,cost_unavailable,,0.0,VALIDATION_FAILED,0.0,False
N02-008,Kroger,https://www.kroger.com/p/claritin-liqui-gels-24-hour-non-drowsy-allergy-relief-capsules-loratadine-10mg/0004110080798?fulfillment=DELIVERY,https://www.kroger.com/p/claritin-liqui-gels-24-hour-non-drowsy-allergy-relief-capsules-loratadine-10mg/0004110080798?fulfillment=DELIVERY,String,String,None,US,2,2,Secondary API candidate,0.5,2026-09-10T16:41:31.452920+00:00,12363,200,https://www.kroger.com/p/claritin-liqui-gels-24-hour-non-drowsy-allergy-relief-capsules-loratadine-10mg/0004110080798?fulfillment=DELIVERY,VALIDATION_FAILED,401573,338,401573,False,NONE,None,"Claritin Liqui-Gels 24-Hour Non-Drowsy Allergy Relief Capsules Loratadine 10mg, 30 ct",0004110080798,19.99,http://schema.org/InStock,True,True,True,False,cost_unavailable,,0.0,VALIDATION_FAILED,0.0,True
N02-008,Kroger,https://www.kroger.com/p/claritin-liqui-gels-24-hour-non-drowsy-allergy-relief-capsules-loratadine-10mg/0004110080798?fulfillment=DELIVERY,https://www.kroger.com/p/claritin-liqui-gels-24-hour-non-drowsy-allergy-relief-capsules-loratadine-10mg/0004110080798?fulfillment=DELIVERY,GeoNode Res,Donut (Residential),Residential,US,3,3,Residential browser rendering fallback,0.5,2026-09-10T16:41:43.883441+00:00,20594,,https://www.kroger.com/p/claritin-liqui-gels-24-hour-non-drowsy-allergy-relief-capsules-loratadine-10mg/0004110080798?fulfillment=DELIVERY,TIMEOUT,0,436,0,False,ERR_TIMEOUT,Hard timeout after 20s,,,,,False,False,True,False,estimated_browser_bandwidth_cost,0.57,2.4851999999999995e-07,ACQUISITION_FAILED,2.4851999999999995e-07,True
N02-009,Kroger,https://www.kroger.com/p/charmin-ultra-strong-toilet-paper-12-mega-xl-rolls/0003077213451,https://www.kroger.com/p/charmin-ultra-strong-toilet-paper-12-mega-xl-rolls/0003077213451,Context.dev,Context.dev,None,US,1,1,High success rate for non-ZIP Kroger PDPs,0.85,2026-09-10T16:41:57.214773+00:00,2417,200,https://www.kroger.com/p/charmin-ultra-strong-toilet-paper-12-mega-xl-rolls/0003077213451,VALIDATION_FAILED,433843,289,433843,False,NONE,None,"Charmin Ultra Strong Toilet Paper 12 Mega XL Rolls, 12 rolls",0003077213451,20.99,http://schema.org/InStock,True,True,True,False,cost_unavailable,,0.0,VALIDATION_FAILED,0.0,False
N02-009,Kroger,https://www.kroger.com/p/charmin-ultra-strong-toilet-paper-12-mega-xl-rolls/0003077213451,https://www.kroger.com/p/charmin-ultra-strong-toilet-paper-12-mega-xl-rolls/0003077213451,String,String,None,US,2,2,Secondary API candidate,0.5,2026-09-10T16:41:59.711719+00:00,1862,200,https://www.kroger.com/p/charmin-ultra-strong-toilet-paper-12-mega-xl-rolls/0003077213451,VALIDATION_FAILED,122345,289,122345,False,NONE,None,Kroger,0003077213451,,,True,False,True,False,cost_unavailable,,0.0,VALIDATION_FAILED,0.0,True
N02-009,Kroger,https://www.kroger.com/p/charmin-ultra-strong-toilet-paper-12-mega-xl-rolls/0003077213451,https://www.kroger.com/p/charmin-ultra-strong-toilet-paper-12-mega-xl-rolls/0003077213451,GeoNode Res,Donut (Residential),Residential,US,3,3,Residential browser rendering fallback,0.5,2026-09-10T16:42:01.609080+00:00,20450,,https://www.kroger.com/p/charmin-ultra-strong-toilet-paper-12-mega-xl-rolls/0003077213451,TIMEOUT,0,436,0,False,ERR_TIMEOUT,Hard timeout after 20s,,,,,False,False,True,False,estimated_browser_bandwidth_cost,0.57,2.4851999999999995e-07,ACQUISITION_FAILED,2.4851999999999995e-07,True
N02-010,Purplle,https://www.purplle.com/product/good-vibes-sheet-mask-saffron-20ml,https://www.purplle.com/product/good-vibes-sheet-mask-saffron-20ml,Context.dev,Context.dev,None,IN,1,1,Fast API candidate for Purplle,0.85,2026-09-10T16:41:57.215325+00:00,4419,200,https://www.purplle.com/product/good-vibes-sheet-mask-saffron-20ml,VALIDATED,374177,266,374177,True,NONE,None,"Good VibesSaffron Natural Glow Sheet Mask | For Glowing & Smooth Skin | Fights Signs Of Ageing, Treats Rough & Dull Skin (20 gm)",good-vibes-sheet-mask-saffron-20ml,,InStock,True,True,True,True,cost_unavailable,,0.0,SUCCESS,0.0,False
N02-011,Purplle,https://www.purplle.com/product/faces-canada-comfy-matte-lip-color-comfortable-10-hours-longstay-matte-finish-almond-oil-and-vitamin-e-infused-never-down-05-3ml-67-25-15,https://www.purplle.com/product/faces-canada-comfy-matte-lip-color-comfortable-10-hours-longstay-matte-finish-almond-oil-and-vitamin-e-infused-never-down-05-3ml-67-25-15,Context.dev,Context.dev,None,IN,1,1,Fast API candidate for Purplle,0.85,2026-09-10T16:41:57.469920+00:00,618,429,https://www.purplle.com/product/faces-canada-comfy-matte-lip-color-comfortable-10-hours-longstay-matte-finish-almond-oil-and-vitamin-e-infused-never-down-05-3ml-67-25-15,VALIDATION_FAILED,273,369,273,False,NONE,HTTP status 429,,faces-canada-comfy-matte-lip-color-comfortable-10-hours-longstay-matte-finish-almond-oil-and-vitamin-e-infused-never-down-05-3ml-67-25-15,,,False,False,True,False,cost_unavailable,,0.0,VALIDATION_FAILED,0.0,False
N02-011,Purplle,https://www.purplle.com/product/faces-canada-comfy-matte-lip-color-comfortable-10-hours-longstay-matte-finish-almond-oil-and-vitamin-e-infused-never-down-05-3ml-67-25-15,https://www.purplle.com/product/faces-canada-comfy-matte-lip-color-comfortable-10-hours-longstay-matte-finish-almond-oil-and-vitamin-e-infused-never-down-05-3ml-67-25-15,String,String,None,IN,2,2,Primary API fallback,0.5,2026-09-10T16:41:58.089685+00:00,2769,200,https://www.purplle.com/product/faces-canada-comfy-matte-lip-color-comfortable-10-hours-longstay-matte-finish-almond-oil-and-vitamin-e-infused-never-down-05-3ml-67-25-15,VALIDATED,379709,369,379709,True,NONE,None,"Faces CanadaComfy Matte Liquid Lipstick - Never Mind, 3 ml | Comfortable 10HR Longstay | Intense Matte Color | Almond Oil & Vitamin E Infused | Super Smooth | No Dryness | No Alcohol",faces-canada-comfy-matte-lip-color-comfortable-10-hours-longstay-matte-finish-almond-oil-and-vitamin-e-infused-never-down-05-3ml-67-25-15,,InStock,True,True,True,True,cost_unavailable,,0.0,SUCCESS,0.0,True
N02-012,Purplle,https://www.purplle.com/product/ny-bae-matte-skeyeliner-4-ml,https://www.purplle.com/product/ny-bae-matte-skeyeliner-4-ml,Context.dev,Context.dev,None,IN,1,1,Fast API candidate for Purplle,0.85,2026-09-10T16:41:57.677578+00:00,596,429,https://www.purplle.com/product/ny-bae-matte-skeyeliner-4-ml,VALIDATION_FAILED,273,260,273,False,NONE,HTTP status 429,,ny-bae-matte-skeyeliner-4-ml,,,False,False,True,False,cost_unavailable,,0.0,VALIDATION_FAILED,0.0,False
N02-012,Purplle,https://www.purplle.com/product/ny-bae-matte-skeyeliner-4-ml,https://www.purplle.com/product/ny-bae-matte-skeyeliner-4-ml,String,String,None,IN,2,2,Primary API fallback,0.5,2026-09-10T16:41:58.274870+00:00,2835,200,https://www.purplle.com/product/ny-bae-matte-skeyeliner-4-ml,VALIDATED,337923,260,337923,True,NONE,None,NY BaeSkeyeliner - Matte (5 ml) | Liquid Black Eyeliner | Intense Pigment | Long Lasting | Smudgeproof | Precise Application | Beginner Friendly,ny-bae-matte-skeyeliner-4-ml,,InStock,True,True,True,True,cost_unavailable,,0.0,SUCCESS,0.0,True
N02-013,Purplle,https://www.purplle.com/product/ny-bae-kajal-blister-pack-0-25-gm,https://www.purplle.com/product/ny-bae-kajal-blister-pack-0-25-gm,Context.dev,Context.dev,None,IN,1,1,Fast API candidate for Purplle,0.85,2026-09-10T16:42:00.909494+00:00,3108,200,https://www.purplle.com/product/ny-bae-kajal-blister-pack-0-25-gm,VALIDATED,370916,265,370916,True,NONE,None,NY BaeThe Big Apple Of My Eyes Kohl Kajal - Black (0.30 gm) | Eyeliner | Water proof | Smudgeproof | Kajal Pencil | Jet Black | Smokey Eye | Eye Makeup | Eyeshadow,ny-bae-kajal-blister-pack-0-25-gm,,InStock,True,True,True,True,cost_unavailable,,0.0,SUCCESS,0.0,False
N02-014,Purplle,https://www.purplle.com/product/mars-double-trouble-mascara-11-47-10-50,https://www.purplle.com/product/mars-double-trouble-mascara-11-47-10-50,Context.dev,Context.dev,None,IN,1,1,Fast API candidate for Purplle,0.85,2026-09-10T16:42:01.154224+00:00,3940,200,https://www.purplle.com/product/mars-double-trouble-mascara-11-47-10-50,VALIDATED,351608,271,351608,True,NONE,None,MARSDouble Trouble Volumizing and Lengthening Mascara | 2-in-1 Mascara for Women | Long Lasting (15 ml) (Black),mars-double-trouble-mascara-11-47-10-50,,InStock,True,True,True,True,cost_unavailable,,0.0,SUCCESS,0.0,False
N02-015,Purplle,https://www.purplle.com/product/ny-bae-kajal-twin-pack,https://www.purplle.com/product/ny-bae-kajal-twin-pack,Context.dev,Context.dev,None,IN,1,1,Fast API candidate for Purplle,0.85,2026-09-10T16:42:01.665174+00:00,3393,200,https://www.purplle.com/product/ny-bae-kajal-twin-pack,VALIDATED,354950,254,354950,True,NONE,None,NY BaeThe Big Apple of My Eye Kajal | Twin Pack | Waterproof | Smudgeproof | Black Twin Pack - Twin Pack - Pack of 2 Net Wt: 0.30*2N,ny-bae-kajal-twin-pack,,InStock,True,True,True,True,cost_unavailable,,0.0,SUCCESS,0.0,False
N02-016,Purplle,https://www.purplle.com/product/mars-dance-with-joy-eyeshadow-palette-02-15,https://www.purplle.com/product/mars-dance-with-joy-eyeshadow-palette-02-15,Context.dev,Context.dev,None,IN,1,1,Fast API candidate for Purplle,0.85,2026-09-10T16:42:04.067890+00:00,3110,200,https://www.purplle.com/product/mars-dance-with-joy-eyeshadow-palette-02-15,VALIDATED,369993,275,369993,True,NONE,None,MARS12 Shades Dance of Joy Eyeshadow Palette | Highly Pigmented and Blendable | Multicolor | Matte and Shimmer Finish (13.2 gm) (02-Multicolor),mars-dance-with-joy-eyeshadow-palette-02-15,,InStock,True,True,True,True,cost_unavailable,,0.0,SUCCESS,0.0,False
N02-017,Purplle,https://www.purplle.com/product/maybelline-ny-the-colossal-bold-eyeliner-the-archies-collection-black-3ml-12-41,https://www.purplle.com/product/maybelline-ny-the-colossal-bold-eyeliner-the-archies-collection-black-3ml-12-41,Context.dev,Context.dev,None,IN,1,1,Fast API candidate for Purplle,0.85,2026-09-10T16:42:04.477601+00:00,3315,200,https://www.purplle.com/product/maybelline-ny-the-colossal-bold-eyeliner-the-archies-collection-black-3ml-12-41,VALIDATED,360476,311,360476,True,NONE,None,"MaybellineNew York Colossal Bold Pencil Waterproof Eyeliner, Black, 3 ml, Matte Finish",maybelline-ny-the-colossal-bold-eyeliner-the-archies-collection-black-3ml-12-41,,InStock,True,True,True,True,cost_unavailable,,0.0,SUCCESS,0.0,False
N02-018,Purplle,https://www.purplle.com/product/mars-fabulash-mascara-50-15,https://www.purplle.com/product/mars-fabulash-mascara-50-15,Context.dev,Context.dev,None,IN,1,1,Fast API candidate for Purplle,0.85,2026-09-10T16:42:04.830136+00:00,3634,200,https://www.purplle.com/product/mars-fabulash-mascara-50-15,VALIDATED,345575,259,345575,True,NONE,None,MARSFabulash Volumising Mascara | Up to 18 Hours Stay | Waterproof with Intense Jet Black Color (12 ml) (Black),mars-fabulash-mascara-50-15,,InStock,True,True,True,True,cost_unavailable,,0.0,SUCCESS,0.0,False
N02-019,Purplle,https://www.purplle.com/product/blue-heaven-10x-volumising-mascara-black-8ml,https://www.purplle.com/product/blue-heaven-10x-volumising-mascara-black-8ml,Context.dev,Context.dev,None,IN,1,1,Fast API candidate for Purplle,0.85,2026-09-10T16:42:05.091155+00:00,4183,200,https://www.purplle.com/product/blue-heaven-10x-volumising-mascara-black-8ml,VALIDATED,338070,276,338070,True,NONE,None,"Blue Heaven10x Volumising Mascara, Black (8 ml)",blue-heaven-10x-volumising-mascara-black-8ml,,InStock,True,True,True,True,cost_unavailable,,0.0,SUCCESS,0.0,False
N02-020,Flipkart,https://www.flipkart.com/trahimam-embroidered-kurta-trouser-pant-dupatta-set/p/itmec462155487b8?pid=SWDHCGRZPMH7RMST&lid=LSTSWDHCGRZPMH7RMSTRGPGYS&marketplace=FLIPKART&store=clo%2Fcfv%2Fitg%2Ftys&srno=b_1_1&otracker=browse&fm=organic&iid=en_858HBdHbY_oM_kRSUWymPugSiog6mNS5bDdc90d-D2S89oaXY0TlgYWClgZhqzuK4_OM17Oa2lecKT2EukxjWL6r4ifWWvM5aqmxZfbztDrdFlebINeUXDekUqHLgtU-&ppt=clp&ppn=kurtasets25-at-store&ssid=1w57rd16v40000001789057609377&ov_redirect=true,https://www.flipkart.com/trahimam-embroidered-kurta-trouser-pant-dupatta-set/p/itmec462155487b8?pid=SWDHCGRZPMH7RMST,String,String,None,IN,1,1,High historical success rate for Flipkart,0.85,2026-09-10T16:42:05.099874+00:00,3644,200,https://www.flipkart.com/trahimam-embroidered-kurta-trouser-pant-dupatta-set/p/itmec462155487b8?pid=SWDHCGRZPMH7RMST,BLOCK_PAGE,1382484,316,1382484,False,ERR_BLOCK,None,"TRAHIMAM Embroidered Kurta, Trouser/Pant & Dupatta Set",SWDHCGRZPMH7RMST,,InStock,True,True,True,False,cost_unavailable,,0.0,ACQUISITION_FAILED,0.0,False
N02-020,Flipkart,https://www.flipkart.com/trahimam-embroidered-kurta-trouser-pant-dupatta-set/p/itmec462155487b8?pid=SWDHCGRZPMH7RMST&lid=LSTSWDHCGRZPMH7RMSTRGPGYS&marketplace=FLIPKART&store=clo%2Fcfv%2Fitg%2Ftys&srno=b_1_1&otracker=browse&fm=organic&iid=en_858HBdHbY_oM_kRSUWymPugSiog6mNS5bDdc90d-D2S89oaXY0TlgYWClgZhqzuK4_OM17Oa2lecKT2EukxjWL6r4ifWWvM5aqmxZfbztDrdFlebINeUXDekUqHLgtU-&ppt=clp&ppn=kurtasets25-at-store&ssid=1w57rd16v40000001789057609377&ov_redirect=true,https://www.flipkart.com/trahimam-embroidered-kurta-trouser-pant-dupatta-set/p/itmec462155487b8?pid=SWDHCGRZPMH7RMST,Scrapfly,Scrapfly,None,IN,2,2,Alternative API scraper fallback,0.5,2026-09-10T16:42:08.866524+00:00,4954,200,https://www.flipkart.com/trahimam-embroidered-kurta-trouser-pant-dupatta-set/p/itmec462155487b8?pid=SWDHCGRZPMH7RMST,BLOCK_PAGE,1382448,316,1382448,False,ERR_BLOCK,None,"TRAHIMAM Embroidered Kurta, Trouser/Pant & Dupatta Set",SWDHCGRZPMH7RMST,,InStock,True,True,True,False,cost_unavailable,,0.0,ACQUISITION_FAILED,0.0,True
N02-020,Flipkart,https://www.flipkart.com/trahimam-embroidered-kurta-trouser-pant-dupatta-set/p/itmec462155487b8?pid=SWDHCGRZPMH7RMST&lid=LSTSWDHCGRZPMH7RMSTRGPGYS&marketplace=FLIPKART&store=clo%2Fcfv%2Fitg%2Ftys&srno=b_1_1&otracker=browse&fm=organic&iid=en_858HBdHbY_oM_kRSUWymPugSiog6mNS5bDdc90d-D2S89oaXY0TlgYWClgZhqzuK4_OM17Oa2lecKT2EukxjWL6r4ifWWvM5aqmxZfbztDrdFlebINeUXDekUqHLgtU-&ppt=clp&ppn=kurtasets25-at-store&ssid=1w57rd16v40000001789057609377&ov_redirect=true,https://www.flipkart.com/trahimam-embroidered-kurta-trouser-pant-dupatta-set/p/itmec462155487b8?pid=SWDHCGRZPMH7RMST,GeoNode Res,Donut (Residential),Residential,IN,3,3,Residential browser rendering fallback,0.5,2026-09-10T16:42:13.887943+00:00,15492,200,https://www.flipkart.com/trahimam-embroidered-kurta-trouser-pant-dupatta-set/p/itmec462155487b8?pid=SWDHCGRZPMH7RMST,VALIDATION_FAILED,889985,37261,13695990,False,NONE,None,"TRAHIMAM Embroidered Kurta, Trouser/Pant & Dupatta Set",SWDHCGRZPMH7RMST,,InStock,True,True,True,False,estimated_browser_bandwidth_cost,0.57,0.00782795307,VALIDATION_FAILED,0.00782795307,True
N02-021,Flipkart,https://www.flipkart.com/visaru-women-kurta-pant-set/p/itm8a10f775a4776?pid=ETHHQBSTMS6NFPEH&lid=LSTETHHQBSTMS6NFPEH756KQN&marketplace=FLIPKART&store=clo%2Fcfv%2Fitg%2Ftys&srno=b_1_2&otracker=browse&fm=organic&iid=en_858HBdHbY_oM_kRSUWymPugSiog6mNS5bDdc90d-D2QpDR4oCWyUHQOAsMC1YA5AFmQv86iT0Di7ngwmkpbL4Ac4uk3KqHTtDWr7ZxT_MJpOHNOdWfNDGWMkoGaHwdtf&ppt=browse&ppn=browse&ssid=1w57rd16v40000001789057609377&ov_redirect=true,https://www.flipkart.com/visaru-women-kurta-pant-set/p/itm8a10f775a4776?pid=ETHHQBSTMS6NFPEH,String,String,None,IN,1,1,High historical success rate for Flipkart,0.85,2026-09-10T16:42:05.118941+00:00,4428,200,https://www.flipkart.com/visaru-women-kurta-pant-set/p/itm8a10f775a4776?pid=ETHHQBSTMS6NFPEH,BLOCK_PAGE,1141467,292,1141467,False,ERR_BLOCK,None,Visaru Women Viscose Rayon Kurta Pant Set,ETHHQBSTMS6NFPEH,,InStock,True,True,True,False,cost_unavailable,,0.0,ACQUISITION_FAILED,0.0,False
N02-021,Flipkart,https://www.flipkart.com/visaru-women-kurta-pant-set/p/itm8a10f775a4776?pid=ETHHQBSTMS6NFPEH&lid=LSTETHHQBSTMS6NFPEH756KQN&marketplace=FLIPKART&store=clo%2Fcfv%2Fitg%2Ftys&srno=b_1_2&otracker=browse&fm=organic&iid=en_858HBdHbY_oM_kRSUWymPugSiog6mNS5bDdc90d-D2QpDR4oCWyUHQOAsMC1YA5AFmQv86iT0Di7ngwmkpbL4Ac4uk3KqHTtDWr7ZxT_MJpOHNOdWfNDGWMkoGaHwdtf&ppt=browse&ppn=browse&ssid=1w57rd16v40000001789057609377&ov_redirect=true,https://www.flipkart.com/visaru-women-kurta-pant-set/p/itm8a10f775a4776?pid=ETHHQBSTMS6NFPEH,Scrapfly,Scrapfly,None,IN,2,2,Alternative API scraper fallback,0.5,2026-09-10T16:42:09.604725+00:00,5049,200,https://www.flipkart.com/visaru-women-kurta-pant-set/p/itm8a10f775a4776?pid=ETHHQBSTMS6NFPEH,BLOCK_PAGE,1141086,292,1141086,False,ERR_BLOCK,None,Visaru Women Viscose Rayon Kurta Pant Set,ETHHQBSTMS6NFPEH,,InStock,True,True,True,False,cost_unavailable,,0.0,ACQUISITION_FAILED,0.0,True
N02-021,Flipkart,https://www.flipkart.com/visaru-women-kurta-pant-set/p/itm8a10f775a4776?pid=ETHHQBSTMS6NFPEH&lid=LSTETHHQBSTMS6NFPEH756KQN&marketplace=FLIPKART&store=clo%2Fcfv%2Fitg%2Ftys&srno=b_1_2&otracker=browse&fm=organic&iid=en_858HBdHbY_oM_kRSUWymPugSiog6mNS5bDdc90d-D2QpDR4oCWyUHQOAsMC1YA5AFmQv86iT0Di7ngwmkpbL4Ac4uk3KqHTtDWr7ZxT_MJpOHNOdWfNDGWMkoGaHwdtf&ppt=browse&ppn=browse&ssid=1w57rd16v40000001789057609377&ov_redirect=true,https://www.flipkart.com/visaru-women-kurta-pant-set/p/itm8a10f775a4776?pid=ETHHQBSTMS6NFPEH,GeoNode Res,Donut (Residential),Residential,IN,3,3,Residential browser rendering fallback,0.5,2026-09-10T16:42:14.736507+00:00,11454,200,https://www.flipkart.com/visaru-women-kurta-pant-set/p/itm8a10f775a4776?pid=ETHHQBSTMS6NFPEH,VALIDATION_FAILED,616199,33223,12125236,False,NONE,None,Visaru Women Viscose Rayon Kurta Pant Set,ETHHQBSTMS6NFPEH,,InStock,True,True,True,False,estimated_browser_bandwidth_cost,0.57,0.00693032163,VALIDATION_FAILED,0.00693032163,True
N02-022,Flipkart,https://www.flipkart.com/berrylicious-women-kurta-pant-dupatta-set/p/itmd74f3967a808d?pid=ETHHQNMPHSYURZAG&lid=LSTETHHQNMPHSYURZAGGUPUX2&marketplace=FLIPKART&store=clo%2Fcfv%2Fitg%2Ftys&srno=b_1_3&otracker=browse&fm=organic&iid=en_858HBdHbY_oM_kRSUWymPugSiog6mNS5bDdc90d-D2RRnqESk0oiTI3jtqq5--xcqNY8MSpHybKpZC8tZfY_a5V8B4RAv8pJ7JIi8rSTT5HdFlebINeUXDekUqHLgtU-&ppt=browse&ppn=browse&ssid=1w57rd16v40000001789057609377&ov_redirect=true,https://www.flipkart.com/berrylicious-women-kurta-pant-dupatta-set/p/itmd74f3967a808d?pid=ETHHQNMPHSYURZAG,String,String,None,IN,1,1,High historical success rate for Flipkart,0.85,2026-09-10T16:42:05.841709+00:00,3624,200,https://www.flipkart.com/berrylicious-women-kurta-pant-dupatta-set/p/itmd74f3967a808d?pid=ETHHQNMPHSYURZAG,BLOCK_PAGE,1100311,306,1100311,False,ERR_BLOCK,None,berrylicious Women Chanderi Kurta Pant Dupatta Set,ETHHQNMPHSYURZAG,,InStock,True,True,True,False,cost_unavailable,,0.0,ACQUISITION_FAILED,0.0,False
N02-022,Flipkart,https://www.flipkart.com/berrylicious-women-kurta-pant-dupatta-set/p/itmd74f3967a808d?pid=ETHHQNMPHSYURZAG&lid=LSTETHHQNMPHSYURZAGGUPUX2&marketplace=FLIPKART&store=clo%2Fcfv%2Fitg%2Ftys&srno=b_1_3&otracker=browse&fm=organic&iid=en_858HBdHbY_oM_kRSUWymPugSiog6mNS5bDdc90d-D2RRnqESk0oiTI3jtqq5--xcqNY8MSpHybKpZC8tZfY_a5V8B4RAv8pJ7JIi8rSTT5HdFlebINeUXDekUqHLgtU-&ppt=browse&ppn=browse&ssid=1w57rd16v40000001789057609377&ov_redirect=true,https://www.flipkart.com/berrylicious-women-kurta-pant-dupatta-set/p/itmd74f3967a808d?pid=ETHHQNMPHSYURZAG,Scrapfly,Scrapfly,None,IN,2,2,Alternative API scraper fallback,0.5,2026-09-10T16:42:09.545574+00:00,6301,200,https://www.flipkart.com/berrylicious-women-kurta-pant-dupatta-set/p/itmd74f3967a808d?pid=ETHHQNMPHSYURZAG,BLOCK_PAGE,1099350,306,1099350,False,ERR_BLOCK,None,berrylicious Women Chanderi Kurta Pant Dupatta Set,ETHHQNMPHSYURZAG,,InStock,True,True,True,False,cost_unavailable,,0.0,ACQUISITION_FAILED,0.0,True
N02-022,Flipkart,https://www.flipkart.com/berrylicious-women-kurta-pant-dupatta-set/p/itmd74f3967a808d?pid=ETHHQNMPHSYURZAG&lid=LSTETHHQNMPHSYURZAGGUPUX2&marketplace=FLIPKART&store=clo%2Fcfv%2Fitg%2Ftys&srno=b_1_3&otracker=browse&fm=organic&iid=en_858HBdHbY_oM_kRSUWymPugSiog6mNS5bDdc90d-D2RRnqESk0oiTI3jtqq5--xcqNY8MSpHybKpZC8tZfY_a5V8B4RAv8pJ7JIi8rSTT5HdFlebINeUXDekUqHLgtU-&ppt=browse&ppn=browse&ssid=1w57rd16v40000001789057609377&ov_redirect=true,https://www.flipkart.com/berrylicious-women-kurta-pant-dupatta-set/p/itmd74f3967a808d?pid=ETHHQNMPHSYURZAG,GeoNode Res,Donut (Residential),Residential,IN,3,3,Residential browser rendering fallback,0.5,2026-09-10T16:42:15.925660+00:00,11180,200,https://www.flipkart.com/berrylicious-women-kurta-pant-dupatta-set/p/itmd74f3967a808d?pid=ETHHQNMPHSYURZAG,VALIDATION_FAILED,607587,26358,12173025,False,NONE,None,berrylicious Women Chanderi Kurta Pant Dupatta Set,ETHHQNMPHSYURZAG,,InStock,True,True,True,False,estimated_browser_bandwidth_cost,0.57,0.006953648309999999,VALIDATION_FAILED,0.006953648309999999,True
N02-023,Flipkart,https://www.flipkart.com/aesthetic-enterprise-embroidered-kurta-trouser-pant-dupatta-set/p/itm9f70fe8b7a6a8?pid=SWDHKMTFX3YAN8P5&lid=LSTSWDHKMTFX3YAN8P5XF05IP&marketplace=FLIPKART&store=clo%2Fcfv%2Fitg%2Ftys&srno=b_1_4&otracker=browse&fm=organic&iid=fc19e03c-e4ad-4dbc-ad21-aae4eda08ecc.SWDHKMTFX3YAN8P5.SEARCH&ppt=browse&ppn=browse&ssid=1w57rd16v40000001789057609377&ov_redirect=true,https://www.flipkart.com/aesthetic-enterprise-embroidered-kurta-trouser-pant-dupatta-set/p/itm9f70fe8b7a6a8?pid=SWDHKMTFX3YAN8P5,String,String,None,IN,1,1,High historical success rate for Flipkart,0.85,2026-09-10T16:42:07.227343+00:00,6344,200,https://www.flipkart.com/aesthetic-enterprise-embroidered-kurta-trouser-pant-dupatta-set/p/itm9f70fe8b7a6a8?pid=SWDHKMTFX3YAN8P5,BLOCK_PAGE,1400217,328,1400217,False,ERR_BLOCK,None,"AESTHETIC ENTERPRISE Embroidered Kurta, Trouser/Pant & Dupatta Se...more",SWDHKMTFX3YAN8P5,,InStock,True,True,True,False,cost_unavailable,,0.0,ACQUISITION_FAILED,0.0,False
N02-023,Flipkart,https://www.flipkart.com/aesthetic-enterprise-embroidered-kurta-trouser-pant-dupatta-set/p/itm9f70fe8b7a6a8?pid=SWDHKMTFX3YAN8P5&lid=LSTSWDHKMTFX3YAN8P5XF05IP&marketplace=FLIPKART&store=clo%2Fcfv%2Fitg%2Ftys&srno=b_1_4&otracker=browse&fm=organic&iid=fc19e03c-e4ad-4dbc-ad21-aae4eda08ecc.SWDHKMTFX3YAN8P5.SEARCH&ppt=browse&ppn=browse&ssid=1w57rd16v40000001789057609377&ov_redirect=true,https://www.flipkart.com/aesthetic-enterprise-embroidered-kurta-trouser-pant-dupatta-set/p/itm9f70fe8b7a6a8?pid=SWDHKMTFX3YAN8P5,Scrapfly,Scrapfly,None,IN,2,2,Alternative API scraper fallback,0.5,2026-09-10T16:42:13.676084+00:00,7281,200,https://www.flipkart.com/aesthetic-enterprise-embroidered-kurta-trouser-pant-dupatta-set/p/itm9f70fe8b7a6a8?pid=SWDHKMTFX3YAN8P5,BLOCK_PAGE,1396825,328,1396825,False,ERR_BLOCK,None,"AESTHETIC ENTERPRISE Embroidered Kurta, Trouser/Pant & Dupatta Se...more",SWDHKMTFX3YAN8P5,,InStock,True,True,True,False,cost_unavailable,,0.0,ACQUISITION_FAILED,0.0,True
N02-023,Flipkart,https://www.flipkart.com/aesthetic-enterprise-embroidered-kurta-trouser-pant-dupatta-set/p/itm9f70fe8b7a6a8?pid=SWDHKMTFX3YAN8P5&lid=LSTSWDHKMTFX3YAN8P5XF05IP&marketplace=FLIPKART&store=clo%2Fcfv%2Fitg%2Ftys&srno=b_1_4&otracker=browse&fm=organic&iid=fc19e03c-e4ad-4dbc-ad21-aae4eda08ecc.SWDHKMTFX3YAN8P5.SEARCH&ppt=browse&ppn=browse&ssid=1w57rd16v40000001789057609377&ov_redirect=true,https://www.flipkart.com/aesthetic-enterprise-embroidered-kurta-trouser-pant-dupatta-set/p/itm9f70fe8b7a6a8?pid=SWDHKMTFX3YAN8P5,GeoNode Res,Donut (Residential),Residential,IN,3,3,Residential browser rendering fallback,0.5,2026-09-10T16:42:21.039828+00:00,11582,200,https://www.flipkart.com/aesthetic-enterprise-embroidered-kurta-trouser-pant-dupatta-set/p/itm9f70fe8b7a6a8?pid=SWDHKMTFX3YAN8P5,VALIDATION_FAILED,687561,27573,12311960,False,NONE,None,"AESTHETIC ENTERPRISE Embroidered Kurta, Trouser/Pant & Dupatta Se...more",SWDHKMTFX3YAN8P5,,InStock,True,True,True,False,estimated_browser_bandwidth_cost,0.57,0.007033533809999999,VALIDATION_FAILED,0.007033533809999999,True
N02-024,Flipkart,https://www.flipkart.com/berrylicious-women-kurta-pant-dupatta-set/p/itm4071dd3b0d855?pid=ETHHPWWPHRGMYQGV&lid=LSTETHHPWWPHRGMYQGV4KO3MZ&marketplace=FLIPKART&store=clo%2Fcfv%2Fitg%2Ftys&srno=b_1_5&otracker=browse&fm=organic&iid=en_858HBdHbY_oM_kRSUWymPugSiog6mNS5bDdc90d-TrcXRpk0BIQP4nI4ZcrAVjTMIn_6cdQhJPNqNkj-v2dChjmQQ_7gR10YFSudjE300_2S-jdJScwbxIVJ6dcuMp&ppt=browse&ppn=browse&ssid=1w57rd16v40000001789057609377&ov_redirect=true,https://www.flipkart.com/berrylicious-women-kurta-pant-dupatta-set/p/itm4071dd3b0d855?pid=ETHHPWWPHRGMYQGV,String,String,None,IN,1,1,High historical success rate for Flipkart,0.85,2026-09-10T16:42:07.841787+00:00,5909,200,https://www.flipkart.com/berrylicious-women-kurta-pant-dupatta-set/p/itm4071dd3b0d855?pid=ETHHPWWPHRGMYQGV,BLOCK_PAGE,1206972,306,1206972,False,ERR_BLOCK,None,berrylicious Women Silk Blend Kurta Pant Dupatta Set,ETHHPWWPHRGMYQGV,,InStock,True,True,True,False,cost_unavailable,,0.0,ACQUISITION_FAILED,0.0,False
N02-024,Flipkart,https://www.flipkart.com/berrylicious-women-kurta-pant-dupatta-set/p/itm4071dd3b0d855?pid=ETHHPWWPHRGMYQGV&lid=LSTETHHPWWPHRGMYQGV4KO3MZ&marketplace=FLIPKART&store=clo%2Fcfv%2Fitg%2Ftys&srno=b_1_5&otracker=browse&fm=organic&iid=en_858HBdHbY_oM_kRSUWymPugSiog6mNS5bDdc90d-TrcXRpk0BIQP4nI4ZcrAVjTMIn_6cdQhJPNqNkj-v2dChjmQQ_7gR10YFSudjE300_2S-jdJScwbxIVJ6dcuMp&ppt=browse&ppn=browse&ssid=1w57rd16v40000001789057609377&ov_redirect=true,https://www.flipkart.com/berrylicious-women-kurta-pant-dupatta-set/p/itm4071dd3b0d855?pid=ETHHPWWPHRGMYQGV,Scrapfly,Scrapfly,None,IN,2,2,Alternative API scraper fallback,0.5,2026-09-10T16:42:13.809914+00:00,4346,200,https://www.flipkart.com/berrylicious-women-kurta-pant-dupatta-set/p/itm4071dd3b0d855?pid=ETHHPWWPHRGMYQGV,BLOCK_PAGE,1206872,306,1206872,False,ERR_BLOCK,None,berrylicious Women Silk Blend Kurta Pant Dupatta Set,ETHHPWWPHRGMYQGV,,InStock,True,True,True,False,cost_unavailable,,0.0,ACQUISITION_FAILED,0.0,True
N02-024,Flipkart,https://www.flipkart.com/berrylicious-women-kurta-pant-dupatta-set/p/itm4071dd3b0d855?pid=ETHHPWWPHRGMYQGV&lid=LSTETHHPWWPHRGMYQGV4KO3MZ&marketplace=FLIPKART&store=clo%2Fcfv%2Fitg%2Ftys&srno=b_1_5&otracker=browse&fm=organic&iid=en_858HBdHbY_oM_kRSUWymPugSiog6mNS5bDdc90d-TrcXRpk0BIQP4nI4ZcrAVjTMIn_6cdQhJPNqNkj-v2dChjmQQ_7gR10YFSudjE300_2S-jdJScwbxIVJ6dcuMp&ppt=browse&ppn=browse&ssid=1w57rd16v40000001789057609377&ov_redirect=true,https://www.flipkart.com/berrylicious-women-kurta-pant-dupatta-set/p/itm4071dd3b0d855?pid=ETHHPWWPHRGMYQGV,GeoNode Res,Donut (Residential),Residential,IN,3,3,Residential browser rendering fallback,0.5,2026-09-10T16:42:18.222983+00:00,17747,200,https://www.flipkart.com/berrylicious-women-kurta-pant-dupatta-set/p/itm4071dd3b0d855?pid=ETHHPWWPHRGMYQGV,VALIDATION_FAILED,631437,22278,12177734,False,NONE,None,berrylicious Women Silk Blend Kurta Pant Dupatta Set,ETHHPWWPHRGMYQGV,,InStock,True,True,True,False,estimated_browser_bandwidth_cost,0.57,0.006954006839999999,VALIDATION_FAILED,0.006954006839999999,True
N02-025,Flipkart,https://www.flipkart.com/berrylicious-women-kurta-palazzo-dupatta-set/p/itm288010a5645ff?pid=ETHHGXWJUVV949GG&lid=LSTETHHGXWUVV949GGPECNWD&marketplace=FLIPKART&store=clo%2Fcfv%2Fitg%2Ftys&srno=b_1_6&otracker=browse&fm=organic&iid=en_858HBdHbY_oM_kRSUWymPugSiog6mKYVAsKKmURkKFRoLqa3CvwwMihjmQQ_7gR10YFSudjE300_2S-jdJScwbxIVJ6dcuMp&ppt=browse&ppn=browse&ssid=1w57rd16v40000001789057609377&ov_redirect=true,https://www.flipkart.com/berrylicious-women-kurta-palazzo-dupatta-set/p/itm288010a5645ff?pid=ETHHGXWJUVV949GG,String,String,None,IN,1,1,High historical success rate for Flipkart,0.85,2026-09-10T16:42:08.511557+00:00,4246,200,https://www.flipkart.com/berrylicious-women-kurta-palazzo-dupatta-set/p/itm288010a5645ff?pid=ETHHGXWJUVV949GG,BLOCK_PAGE,1349894,309,1349894,False,ERR_BLOCK,None,berrylicious Women Silk Blend Kurta Palazzo Dupatta Set,ETHHGXWJUVV949GG,,InStock,True,True,True,False,cost_unavailable,,0.0,ACQUISITION_FAILED,0.0,False
N02-025,Flipkart,https://www.flipkart.com/berrylicious-women-kurta-palazzo-dupatta-set/p/itm288010a5645ff?pid=ETHHGXWJUVV949GG&lid=LSTETHHGXWUVV949GGPECNWD&marketplace=FLIPKART&store=clo%2Fcfv%2Fitg%2Ftys&srno=b_1_6&otracker=browse&fm=organic&iid=en_858HBdHbY_oM_kRSUWymPugSiog6mKYVAsKKmURkKFRoLqa3CvwwMihjmQQ_7gR10YFSudjE300_2S-jdJScwbxIVJ6dcuMp&ppt=browse&ppn=browse&ssid=1w57rd16v40000001789057609377&ov_redirect=true,https://www.flipkart.com/berrylicious-women-kurta-palazzo-dupatta-set/p/itm288010a5645ff?pid=ETHHGXWJUVV949GG,Scrapfly,Scrapfly,None,IN,2,2,Alternative API scraper fallback,0.5,2026-09-10T16:42:12.858054+00:00,17882,200,https://www.flipkart.com/berrylicious-women-kurta-palazzo-dupatta-set/p/itm288010a5645ff?pid=ETHHGXWJUVV949GG,BLOCK_PAGE,1351375,309,1351375,False,ERR_BLOCK,None,berrylicious Women Silk Blend Kurta Palazzo Dupatta Set,ETHHGXWJUVV949GG,,InStock,True,True,True,False,cost_unavailable,,0.0,ACQUISITION_FAILED,0.0,True
N02-025,Flipkart,https://www.flipkart.com/berrylicious-women-kurta-palazzo-dupatta-set/p/itm288010a5645ff?pid=ETHHGXWJUVV949GG&lid=LSTETHHGXWUVV949GGPECNWD&marketplace=FLIPKART&store=clo%2Fcfv%2Fitg%2Ftys&srno=b_1_6&otracker=browse&fm=organic&iid=en_858HBdHbY_oM_kRSUWymPugSiog6mKYVAsKKmURkKFRoLqa3CvwwMihjmQQ_7gR10YFSudjE300_2S-jdJScwbxIVJ6dcuMp&ppt=browse&ppn=browse&ssid=1w57rd16v40000001789057609377&ov_redirect=true,https://www.flipkart.com/berrylicious-women-kurta-palazzo-dupatta-set/p/itm288010a5645ff?pid=ETHHGXWJUVV949GG,GeoNode Res,Donut (Residential),Residential,IN,3,3,Residential browser rendering fallback,0.5,2026-09-10T16:42:30.830332+00:00,11220,200,https://www.flipkart.com/berrylicious-women-kurta-palazzo-dupatta-set/p/itm288010a5645ff?pid=ETHHGXWJUVV949GG,VALIDATION_FAILED,637423,38026,12479112,False,NONE,None,berrylicious Women Silk Blend Kurta Palazzo Dupatta Set,ETHHGXWJUVV949GG,,InStock,True,True,True,False,estimated_browser_bandwidth_cost,0.57,0.00713476866,VALIDATION_FAILED,0.00713476866,True
N02-026,Flipkart,https://www.flipkart.com/griva-lifestyle-embroidered-kurta-trouser-pant-dupatta-set/p/itmf10603d03c254?pid=SWDHMP4ZRADQV42D&lid=LSTSWDHMP4ZRADQV42DKYCJIY&marketplace=FLIPKART&store=clo%2Fcfv%2Fitg%2Ftys&srno=b_1_7&otracker=browse&fm=organic&iid=fc19e03c-e4ad-4dbc-ad21-aae4eda08ecc.SWDHMP4ZRADQV42D.SEARCH&ppt=browse&ppn=browse&ssid=1w57rd16v40000001789057609377&ov_redirect=true,https://www.flipkart.com/griva-lifestyle-embroidered-kurta-trouser-pant-dupatta-set/p/itmf10603d03c254?pid=SWDHMP4ZRADQV42D,String,String,None,IN,1,1,High historical success rate for Flipkart,0.85,2026-09-10T16:42:09.309898+00:00,4368,200,https://www.flipkart.com/griva-lifestyle-embroidered-kurta-trouser-pant-dupatta-set/p/itmf10603d03c254?pid=SWDHMP4ZRADQV42D,BLOCK_PAGE,1425091,323,1425091,False,ERR_BLOCK,None,"Griva Lifestyle Embroidered Kurta, Trouser/Pant & Dupatta Set",SWDHMP4ZRADQV42D,,InStock,True,True,True,False,cost_unavailable,,0.0,ACQUISITION_FAILED,0.0,False
N02-026,Flipkart,https://www.flipkart.com/griva-lifestyle-embroidered-kurta-trouser-pant-dupatta-set/p/itmf10603d03c254?pid=SWDHMP4ZRADQV42D&lid=LSTSWDHMP4ZRADQV42DKYCJIY&marketplace=FLIPKART&store=clo%2Fcfv%2Fitg%2Ftys&srno=b_1_7&otracker=browse&fm=organic&iid=fc19e03c-e4ad-4dbc-ad21-aae4eda08ecc.SWDHMP4ZRADQV42D.SEARCH&ppt=browse&ppn=browse&ssid=1w57rd16v40000001789057609377&ov_redirect=true,https://www.flipkart.com/griva-lifestyle-embroidered-kurta-trouser-pant-dupatta-set/p/itmf10603d03c254?pid=SWDHMP4ZRADQV42D,Scrapfly,Scrapfly,None,IN,2,2,Alternative API scraper fallback,0.5,2026-09-10T16:42:13.747913+00:00,4728,200,https://www.flipkart.com/griva-lifestyle-embroidered-kurta-trouser-pant-dupatta-set/p/itmf10603d03c254?pid=SWDHMP4ZRADQV42D,BLOCK_PAGE,1427037,323,1427037,False,ERR_BLOCK,None,"Griva Lifestyle Embroidered Kurta, Trouser/Pant & Dupatta Set",SWDHMP4ZRADQV42D,,InStock,True,True,True,False,cost_unavailable,,0.0,ACQUISITION_FAILED,0.0,True
N02-026,Flipkart,https://www.flipkart.com/griva-lifestyle-embroidered-kurta-trouser-pant-dupatta-set/p/itmf10603d03c254?pid=SWDHMP4ZRADQV42D&lid=LSTSWDHMP4ZRADQV42DKYCJIY&marketplace=FLIPKART&store=clo%2Fcfv%2Fitg%2Ftys&srno=b_1_7&otracker=browse&fm=organic&iid=fc19e03c-e4ad-4dbc-ad21-aae4eda08ecc.SWDHMP4ZRADQV42D.SEARCH&ppt=browse&ppn=browse&ssid=1w57rd16v40000001789057609377&ov_redirect=true,https://www.flipkart.com/griva-lifestyle-embroidered-kurta-trouser-pant-dupatta-set/p/itmf10603d03c254?pid=SWDHMP4ZRADQV42D,GeoNode Res,Donut (Residential),Residential,IN,3,3,Residential browser rendering fallback,0.5,2026-09-10T16:42:18.603925+00:00,11568,200,https://www.flipkart.com/griva-lifestyle-embroidered-kurta-trouser-pant-dupatta-set/p/itmf10603d03c254?pid=SWDHMP4ZRADQV42D,VALIDATION_FAILED,687520,28752,12321495,False,NONE,None,"Griva Lifestyle Embroidered Kurta, Trouser/Pant & Dupatta Set",SWDHMP4ZRADQV42D,,InStock,True,True,True,False,estimated_browser_bandwidth_cost,0.57,0.007039640789999999,VALIDATION_FAILED,0.007039640789999999,True
N02-027,Flipkart,https://www.flipkart.com/pinnara-women-kurta-pant-set/p/itmfd4f99663453b?pid=ETHHNKC7ZZ3HTZ3R&lid=LSTETHHNKC7ZZ3HTZ3RNZOHJH&marketplace=FLIPKART&store=clo%2Fcfv%2Fitg%2Ftys&srno=b_1_8&otracker=browse&fm=organic&iid=fc19e03c-e4ad-4dbc-ad21-aae4eda08ecc.ETHHNKC7ZZ3HTZ3R.SEARCH&ppt=browse&ppn=browse&ssid=1w57rd16v40000001789057609377&ov_redirect=true,https://www.flipkart.com/pinnara-women-kurta-pant-set/p/itmfd4f99663453b?pid=ETHHNKC7ZZ3HTZ3R,String,String,None,IN,1,1,High historical success rate for Flipkart,0.85,2026-09-10T16:42:22.060022+00:00,3874,200,https://www.flipkart.com/pinnara-women-kurta-pant-set/p/itmfd4f99663453b?pid=ETHHNKC7ZZ3HTZ3R,BLOCK_PAGE,1375346,293,1375346,False,ERR_BLOCK,None,PINNARA Women Khadi Cotton Kurta Pant Set,ETHHNKC7ZZ3HTZ3R,,InStock,True,True,True,False,cost_unavailable,,0.0,ACQUISITION_FAILED,0.0,False
N02-027,Flipkart,https://www.flipkart.com/pinnara-women-kurta-pant-set/p/itmfd4f99663453b?pid=ETHHNKC7ZZ3HTZ3R&lid=LSTETHHNKC7ZZ3HTZ3RNZOHJH&marketplace=FLIPKART&store=clo%2Fcfv%2Fitg%2Ftys&srno=b_1_8&otracker=browse&fm=organic&iid=fc19e03c-e4ad-4dbc-ad21-aae4eda08ecc.ETHHNKC7ZZ3HTZ3R.SEARCH&ppt=browse&ppn=browse&ssid=1w57rd16v40000001789057609377&ov_redirect=true,https://www.flipkart.com/pinnara-women-kurta-pant-set/p/itmfd4f99663453b?pid=ETHHNKC7ZZ3HTZ3R,Scrapfly,Scrapfly,None,IN,2,2,Alternative API scraper fallback,0.5,2026-09-10T16:42:26.069619+00:00,5344,200,https://www.flipkart.com/pinnara-women-kurta-pant-set/p/itmfd4f99663453b?pid=ETHHNKC7ZZ3HTZ3R,BLOCK_PAGE,1373477,293,1373477,False,ERR_BLOCK,None,PINNARA Women Khadi Cotton Kurta Pant Set,ETHHNKC7ZZ3HTZ3R,,InStock,True,True,True,False,cost_unavailable,,0.0,ACQUISITION_FAILED,0.0,True
N02-027,Flipkart,https://www.flipkart.com/pinnara-women-kurta-pant-set/p/itmfd4f99663453b?pid=ETHHNKC7ZZ3HTZ3R&lid=LSTETHHNKC7ZZ3HTZ3RNZOHJH&marketplace=FLIPKART&store=clo%2Fcfv%2Fitg%2Ftys&srno=b_1_8&otracker=browse&fm=organic&iid=fc19e03c-e4ad-4dbc-ad21-aae4eda08ecc.ETHHNKC7ZZ3HTZ3R.SEARCH&ppt=browse&ppn=browse&ssid=1w57rd16v40000001789057609377&ov_redirect=true,https://www.flipkart.com/pinnara-women-kurta-pant-set/p/itmfd4f99663453b?pid=ETHHNKC7ZZ3HTZ3R,GeoNode Res,Donut (Residential),Residential,IN,3,3,Residential browser rendering fallback,0.5,2026-09-10T16:42:31.482593+00:00,11917,200,https://www.flipkart.com/pinnara-women-kurta-pant-set/p/itmfd4f99663453b?pid=ETHHNKC7ZZ3HTZ3R,VALIDATION_FAILED,628785,20775,12443467,False,NONE,None,PINNARA Women Khadi Cotton Kurta Pant Set,ETHHNKC7ZZ3HTZ3R,,InStock,True,True,True,False,estimated_browser_bandwidth_cost,0.57,0.007104617939999999,VALIDATION_FAILED,0.007104617939999999,True
N02-028,Flipkart,https://www.flipkart.com/berrylicious-women-kurta-pant-dupatta-set/p/itm260c448b0610e?pid=ETHH9Y383VD87XSZ&lid=LSTETHH9Y383VD87XSZXNGUBC&marketplace=FLIPKART&store=clo%2Fcfv%2Fitg%2Ftys&srno=b_1_9&otracker=browse&fm=organic&iid=en_858HBdHbY_oM_kRSUWymPugSiog6mNS5bDdc90d-D2TOAiqfwAenXpVQtjLkFtiPu7TgkOBL-GgFX_uqa3qbiChjmQQ_7gR10YFSudjE300_2S-jdJScwbxIVJ6dcuMp&ppt=clp&ppn=kurtasets25-at-store&ssid=1w57rd16v40000001789057609377&ov_redirect=true,https://www.flipkart.com/berrylicious-women-kurta-pant-dupatta-set/p/itm260c448b0610e?pid=ETHH9Y383VD87XSZ,String,String,None,IN,1,1,High historical success rate for Flipkart,0.85,2026-09-10T16:42:26.238107+00:00,3617,200,https://www.flipkart.com/berrylicious-women-kurta-pant-dupatta-set/p/itm260c448b0610e?pid=ETHH9Y383VD87XSZ,BLOCK_PAGE,1392626,306,1392626,False,ERR_BLOCK,None,berrylicious Women Silk Blend Kurta Pant Dupatta Set,ETHH9Y383VD87XSZ,,InStock,True,True,True,False,cost_unavailable,,0.0,ACQUISITION_FAILED,0.0,False
N02-028,Flipkart,https://www.flipkart.com/berrylicious-women-kurta-pant-dupatta-set/p/itm260c448b0610e?pid=ETHH9Y383VD87XSZ&lid=LSTETHH9Y383VD87XSZXNGUBC&marketplace=FLIPKART&store=clo%2Fcfv%2Fitg%2Ftys&srno=b_1_9&otracker=browse&fm=organic&iid=en_858HBdHbY_oM_kRSUWymPugSiog6mNS5bDdc90d-D2TOAiqfwAenXpVQtjLkFtiPu7TgkOBL-GgFX_uqa3qbiChjmQQ_7gR10YFSudjE300_2S-jdJScwbxIVJ6dcuMp&ppt=clp&ppn=kurtasets25-at-store&ssid=1w57rd16v40000001789057609377&ov_redirect=true,https://www.flipkart.com/berrylicious-women-kurta-pant-dupatta-set/p/itm260c448b0610e?pid=ETHH9Y383VD87XSZ,Scrapfly,Scrapfly,None,IN,2,2,Alternative API scraper fallback,0.5,2026-09-10T16:42:29.945137+00:00,6834,200,https://www.flipkart.com/berrylicious-women-kurta-pant-dupatta-set/p/itm260c448b0610e?pid=ETHH9Y383VD87XSZ,BLOCK_PAGE,1391268,306,1391268,False,ERR_BLOCK,None,berrylicious Women Silk Blend Kurta Pant Dupatta Set,ETHH9Y383VD87XSZ,,InStock,True,True,True,False,cost_unavailable,,0.0,ACQUISITION_FAILED,0.0,True
N02-028,Flipkart,https://www.flipkart.com/berrylicious-women-kurta-pant-dupatta-set/p/itm260c448b0610e?pid=ETHH9Y383VD87XSZ&lid=LSTETHH9Y383VD87XSZXNGUBC&marketplace=FLIPKART&store=clo%2Fcfv%2Fitg%2Ftys&srno=b_1_9&otracker=browse&fm=organic&iid=en_858HBdHbY_oM_kRSUWymPugSiog6mNS5bDdc90d-D2TOAiqfwAenXpVQtjLkFtiPu7TgkOBL-GgFX_uqa3qbiChjmQQ_7gR10YFSudjE300_2S-jdJScwbxIVJ6dcuMp&ppt=clp&ppn=kurtasets25-at-store&ssid=1w57rd16v40000001789057609377&ov_redirect=true,https://www.flipkart.com/berrylicious-women-kurta-pant-dupatta-set/p/itm260c448b0610e?pid=ETHH9Y383VD87XSZ,GeoNode Res,Donut (Residential),Residential,IN,3,3,Residential browser rendering fallback,0.5,2026-09-10T16:42:36.893798+00:00,11357,200,https://www.flipkart.com/berrylicious-women-kurta-pant-dupatta-set/p/itm260c448b0610e?pid=ETHH9Y383VD87XSZ,VALIDATION_FAILED,690350,27757,12559175,False,NONE,None,berrylicious Women Silk Blend Kurta Pant Dupatta Set,ETHH9Y383VD87XSZ,,InStock,True,True,True,False,estimated_browser_bandwidth_cost,0.57,0.007174551239999999,VALIDATION_FAILED,0.007174551239999999,True
N02-029,Flipkart,https://www.flipkart.com/queenslifestyle-embroidered-kurta-trouser-pant-dupatta-set/p/itm3767f5b2a58c4?pid=SWDHZW3ZJQQEHMBH&lid=LSTSWDHZW3ZJQQEHMBHCUDGK4&marketplace=FLIPKART&store=clo%2Fcfv%2Fitg%2Ftys&srno=b_1_10&otracker=browse&fm=organic&iid=fc19e03c-e4ad-4dbc-ad21-aae4eda08ecc.SWDHZW3ZJQQEHMBH.SEARCH&ppt=browse&ppn=browse&ssid=1w57rd16v40000001789057609377&ov_redirect=true,https://www.flipkart.com/queenslifestyle-embroidered-kurta-trouser-pant-dupatta-set/p/itm3767f5b2a58c4?pid=SWDHZW3ZJQQEHMBH,String,String,None,IN,1,1,High historical success rate for Flipkart,0.85,2026-09-10T16:42:27.148199+00:00,4178,200,https://www.flipkart.com/queenslifestyle-embroidered-kurta-trouser-pant-dupatta-set/p/itm3767f5b2a58c4?pid=SWDHZW3ZJQQEHMBH,BLOCK_PAGE,1363999,323,1363999,False,ERR_BLOCK,None,Queenslifestyle Women Printed Kurta Pant Dupatta Set Embroidered ...more,SWDHZW3ZJQQEHMBH,,InStock,True,True,True,False,cost_unavailable,,0.0,ACQUISITION_FAILED,0.0,False
N02-029,Flipkart,https://www.flipkart.com/queenslifestyle-embroidered-kurta-trouser-pant-dupatta-set/p/itm3767f5b2a58c4?pid=SWDHZW3ZJQQEHMBH&lid=LSTSWDHZW3ZJQQEHMBHCUDGK4&marketplace=FLIPKART&store=clo%2Fcfv%2Fitg%2Ftys&srno=b_1_10&otracker=browse&fm=organic&iid=fc19e03c-e4ad-4dbc-ad21-aae4eda08ecc.SWDHZW3ZJQQEHMBH.SEARCH&ppt=browse&ppn=browse&ssid=1w57rd16v40000001789057609377&ov_redirect=true,https://www.flipkart.com/queenslifestyle-embroidered-kurta-trouser-pant-dupatta-set/p/itm3767f5b2a58c4?pid=SWDHZW3ZJQQEHMBH,Scrapfly,Scrapfly,None,IN,2,2,Alternative API scraper fallback,0.5,2026-09-10T16:42:31.402565+00:00,30751,,https://www.flipkart.com/queenslifestyle-embroidered-kurta-trouser-pant-dupatta-set/p/itm3767f5b2a58c4?pid=SWDHZW3ZJQQEHMBH,TIMEOUT,0,323,0,False,ERR_TIMEOUT,"HTTPSConnectionPool(host='api.scrapfly.io', port=443): Read timed out. (read timeout=30)",,,,,False,False,True,False,cost_unavailable,,0.0,ACQUISITION_FAILED,0.0,True
N02-029,Flipkart,https://www.flipkart.com/queenslifestyle-embroidered-kurta-trouser-pant-dupatta-set/p/itm3767f5b2a58c4?pid=SWDHZW3ZJQQEHMBH&lid=LSTSWDHZW3ZJQQEHMBHCUDGK4&marketplace=FLIPKART&store=clo%2Fcfv%2Fitg%2Ftys&srno=b_1_10&otracker=browse&fm=organic&iid=fc19e03c-e4ad-4dbc-ad21-aae4eda08ecc.SWDHZW3ZJQQEHMBH.SEARCH&ppt=browse&ppn=browse&ssid=1w57rd16v40000001789057609377&ov_redirect=true,https://www.flipkart.com/queenslifestyle-embroidered-kurta-trouser-pant-dupatta-set/p/itm3767f5b2a58c4?pid=SWDHZW3ZJQQEHMBH,GeoNode Res,Donut (Residential),Residential,IN,3,3,Residential browser rendering fallback,0.5,2026-09-10T16:43:02.154067+00:00,10389,200,https://www.flipkart.com/queenslifestyle-embroidered-kurta-trouser-pant-dupatta-set/p/itm3767f5b2a58c4?pid=SWDHZW3ZJQQEHMBH,VALIDATION_FAILED,683837,23506,12377373,False,NONE,None,Queenslifestyle Women Printed Kurta Pant Dupatta Set Embroidered ...more,SWDHZW3ZJQQEHMBH,,InStock,True,True,True,False,estimated_browser_bandwidth_cost,0.57,0.0070685010299999995,VALIDATION_FAILED,0.0070685010299999995,True
N02-030,Amazon,https://www.amazon.com/UGG-Lachlan-UGGFLUFF-Jacket-Multi/dp/B0DRDRYPPN,https://www.amazon.com/dp/B0DRDRYPPN,Context.dev,Context.dev,None,US,1,1,Lowest expected cost API for Amazon PDPs,0.85,2026-09-10T16:42:29.461064+00:00,7083,200,https://www.amazon.com/dp/B0DRDRYPPN,VALIDATION_FAILED,2266934,236,2266934,False,NONE,None,UGG Men's Lachlan Uggfluff Jacket,B0DRDRYPPN,84.0,InStock,True,True,True,False,cost_unavailable,,0.0,VALIDATION_FAILED,0.0,False
N02-030,Amazon,https://www.amazon.com/UGG-Lachlan-UGGFLUFF-Jacket-Multi/dp/B0DRDRYPPN,https://www.amazon.com/dp/B0DRDRYPPN,GeoNode DC,Donut (Datacenter),Datacenter,US,2,2,Datacenter browser rendering fallback,0.5,2026-09-10T16:42:36.829737+00:00,14562,200,https://www.amazon.com/dp/B0DRDRYPPN,VALIDATED,1642641,84952,11636398,True,NONE,None,UGG Men's Lachlan Uggfluff Jacket,B0DRDRYPPN,84.0,InStock,True,True,True,True,estimated_browser_bandwidth_cost,0.35,0.0041024725,SUCCESS,0.0041024725,True
N02-031,Amazon,https://www.amazon.com/POLO-RALPH-LAUREN-Leather-Loafers/dp/B0CDJMZSCD,https://www.amazon.com/dp/B0CDJMZSCD,Context.dev,Context.dev,None,US,1,1,Lowest expected cost API for Amazon PDPs,0.85,2026-09-10T16:42:30.251676+00:00,22569,200,https://www.amazon.com/dp/B0CDJMZSCD,VALIDATED,2342778,236,2342778,True,NONE,None,POLO RALPH LAUREN Men's Alston Leather Penny Loafers,B0CDJMZSCD,178.0,InStock,True,True,True,True,cost_unavailable,,0.0,SUCCESS,0.0,False
N02-032,Amazon,https://www.amazon.com/Von-Dutch-Unisex-Trucker-Hat/dp/B0DNTZ4RSF,https://www.amazon.com/dp/B0DNTZ4RSF,Context.dev,Context.dev,None,US,1,1,Lowest expected cost API for Amazon PDPs,0.85,2026-09-10T16:42:32.675632+00:00,30055,,https://www.amazon.com/dp/B0DNTZ4RSF,TIMEOUT,0,236,0,False,ERR_TIMEOUT,"HTTPSConnectionPool(host='api.context.dev', port=443): Read timed out. (read timeout=30)",,,,,False,False,True,False,cost_unavailable,,0.0,ACQUISITION_FAILED,0.0,False
N02-032,Amazon,https://www.amazon.com/Von-Dutch-Unisex-Trucker-Hat/dp/B0DNTZ4RSF,https://www.amazon.com/dp/B0DNTZ4RSF,GeoNode DC,Donut (Datacenter),Datacenter,US,2,2,Datacenter browser rendering fallback,0.5,2026-09-10T16:43:02.731645+00:00,13581,200,https://www.amazon.com/dp/B0DNTZ4RSF,VALIDATION_FAILED,1999246,90834,9428596,False,NONE,None,"Von Dutch Unisex Trucker Hat, Colorblock, Mesh Back, Curved Bill, Snapback",B0DNTZ4RSF,29.0,InStock,True,True,True,False,estimated_browser_bandwidth_cost,0.35,0.0033318005,VALIDATION_FAILED,0.0033318005,True
N02-032,Amazon,https://www.amazon.com/Von-Dutch-Unisex-Trucker-Hat/dp/B0DNTZ4RSF,https://www.amazon.com/dp/B0DNTZ4RSF,String,String,None,US,3,3,Full DOM API fallback,0.5,2026-09-10T16:43:16.539262+00:00,5088,200,https://www.amazon.com/dp/B0DNTZ4RSF,VALIDATED,2204975,236,2204975,True,NONE,None,"Von Dutch Unisex Trucker Hat, Colorblock, Mesh Back, Curved Bill, Snapback",B0DNTZ4RSF,29.0,InStock,True,True,True,True,cost_unavailable,,0.0,SUCCESS,0.0033318005,True
N02-033,Amazon,https://www.amazon.com/Lele-Sadoughi-Womens-Oversized-Square/dp/B0GVKXD81S,https://www.amazon.com/dp/B0GVKXD81S,Context.dev,Context.dev,None,US,1,1,Lowest expected cost API for Amazon PDPs,0.85,2026-09-10T16:42:36.013016+00:00,638,429,https://www.amazon.com/dp/B0GVKXD81S,VALIDATION_FAILED,273,236,273,False,NONE,HTTP status 429,,B0GVKXD81S,,,True,False,True,False,cost_unavailable,,0.0,VALIDATION_FAILED,0.0,False
N02-033,Amazon,https://www.amazon.com/Lele-Sadoughi-Womens-Oversized-Square/dp/B0GVKXD81S,https://www.amazon.com/dp/B0GVKXD81S,GeoNode DC,Donut (Datacenter),Datacenter,US,2,2,Datacenter browser rendering fallback,0.5,2026-09-10T16:42:36.652061+00:00,11873,200,https://www.amazon.com/dp/B0GVKXD81S,VALIDATED,1576715,73848,9291823,True,NONE,None,Lele Sadoughi Women's Oversized Zebra Square Satin Scarf,B0GVKXD81S,78.0,InStock,True,True,True,True,estimated_browser_bandwidth_cost,0.35,0.00327798485,SUCCESS,0.00327798485,True
N02-034,Amazon,http://amazon.com/Coated-Canvas-Signature-Plaza-Bag/dp/B0FHBZFTXX,https://www.amazon.com/dp/B0FHBZFTXX,Context.dev,Context.dev,None,US,1,1,Lowest expected cost API for Amazon PDPs,0.85,2026-09-10T16:42:42.105490+00:00,636,429,https://www.amazon.com/dp/B0FHBZFTXX,VALIDATION_FAILED,273,236,273,False,NONE,HTTP status 429,,B0FHBZFTXX,,,True,False,True,False,cost_unavailable,,0.0,VALIDATION_FAILED,0.0,False
N02-034,Amazon,http://amazon.com/Coated-Canvas-Signature-Plaza-Bag/dp/B0FHBZFTXX,https://www.amazon.com/dp/B0FHBZFTXX,GeoNode DC,Donut (Datacenter),Datacenter,US,2,2,Datacenter browser rendering fallback,0.5,2026-09-10T16:42:42.742394+00:00,20640,200,https://www.amazon.com/dp/B0FHBZFTXX,TIMEOUT,0,100657,9401600,False,ERR_TIMEOUT,Hard timeout after 20s,,,,,False,False,True,False,estimated_browser_bandwidth_cost,0.35,0.0033257899499999997,ACQUISITION_FAILED,0.0033257899499999997,True
N02-034,Amazon,http://amazon.com/Coated-Canvas-Signature-Plaza-Bag/dp/B0FHBZFTXX,https://www.amazon.com/dp/B0FHBZFTXX,String,String,None,US,3,3,Full DOM API fallback,0.5,2026-09-10T16:43:03.382974+00:00,5342,200,https://www.amazon.com/dp/B0FHBZFTXX,VALIDATED,2491934,236,2491934,True,NONE,None,Coach Women's Natural Grain Leather Plaza Bag,B0FHBZFTXX,135.0,Available,True,True,True,True,cost_unavailable,,0.0,SUCCESS,0.0033257899499999997,True
N02-035,Amazon,https://www.amazon.com/Summer-Fridays-Lip-Butter-Balm/dp/B09FYJWPDB,https://www.amazon.com/dp/B09FYJWPDB,Context.dev,Context.dev,None,US,1,1,Lowest expected cost API for Amazon PDPs,0.85,2026-09-10T16:42:43.445939+00:00,656,429,https://www.amazon.com/dp/B09FYJWPDB,VALIDATION_FAILED,273,236,273,False,NONE,HTTP status 429,,B09FYJWPDB,,,True,False,True,False,cost_unavailable,,0.0,VALIDATION_FAILED,0.0,False
N02-035,Amazon,https://www.amazon.com/Summer-Fridays-Lip-Butter-Balm/dp/B09FYJWPDB,https://www.amazon.com/dp/B09FYJWPDB,GeoNode DC,Donut (Datacenter),Datacenter,US,2,2,Datacenter browser rendering fallback,0.5,2026-09-10T16:42:44.102249+00:00,13722,200,https://www.amazon.com/dp/B09FYJWPDB,VALIDATED,2654967,111082,11203206,True,NONE,None,Summer Fridays Lip Butter Balm - Moisturizing Lip Gloss for Instant Shine + Sheer Color - With Nourishing Shea Butter - Everyday Makeup + Skin Care Summer Essentials - Vegan - Vanilla Beige (.5 Oz),B09FYJWPDB,24.0,InStock,True,True,True,True,estimated_browser_bandwidth_cost,0.35,0.0039600008,SUCCESS,0.0039600008,True
N02-036,Amazon,https://www.amazon.com/Beats-Studio-Pro-Personalized-Compatibility/dp/B0C8PT7DF5,https://www.amazon.com/dp/B0C8PT7DF5,Context.dev,Context.dev,None,US,1,1,Lowest expected cost API for Amazon PDPs,0.85,2026-09-10T16:42:48.318745+00:00,642,429,https://www.amazon.com/dp/B0C8PT7DF5,VALIDATION_FAILED,273,236,273,False,NONE,HTTP status 429,,B0C8PT7DF5,,,True,False,True,False,cost_unavailable,,0.0,VALIDATION_FAILED,0.0,False
N02-036,Amazon,https://www.amazon.com/Beats-Studio-Pro-Personalized-Compatibility/dp/B0C8PT7DF5,https://www.amazon.com/dp/B0C8PT7DF5,GeoNode DC,Donut (Datacenter),Datacenter,US,2,2,Datacenter browser rendering fallback,0.5,2026-09-10T16:42:48.961187+00:00,11963,200,https://www.amazon.com/dp/B0C8PT7DF5,VALIDATED,2346217,99536,9238500,True,NONE,None,"Beats Studio Pro Premium Wireless Over-Ear Headphones- Up to 40-Hour Battery Life, Active Noise Cancelling, Great for Travel & Commuting, USB-C Lossless Audio, Apple & Android Compatible - Deep Brown",B0C8PT7DF5,229.0,InStock,True,True,True,True,estimated_browser_bandwidth_cost,0.35,0.0032683125999999996,SUCCESS,0.0032683125999999996,True
N02-037,Amazon,http://amazon.com/Coach-Nappa-Glove-Saddle-Large/dp/B0CDQZBKRK,https://www.amazon.com/dp/B0CDQZBKRK,Context.dev,Context.dev,None,US,1,1,Lowest expected cost API for Amazon PDPs,0.85,2026-09-10T16:42:48.666616+00:00,641,429,https://www.amazon.com/dp/B0CDQZBKRK,VALIDATION_FAILED,273,236,273,False,NONE,HTTP status 429,,B0CDQZBKRK,,,True,False,True,False,cost_unavailable,,0.0,VALIDATION_FAILED,0.0,False
N02-037,Amazon,http://amazon.com/Coach-Nappa-Glove-Saddle-Large/dp/B0CDQZBKRK,https://www.amazon.com/dp/B0CDQZBKRK,GeoNode DC,Donut (Datacenter),Datacenter,US,2,2,Datacenter browser rendering fallback,0.5,2026-09-10T16:42:49.307961+00:00,12379,200,https://www.amazon.com/dp/B0CDQZBKRK,VALIDATED,1653266,99276,8728321,True,NONE,None,Coach Men's Tech Nappa Glove,B0CDQZBKRK,150.0,InStock,True,True,True,True,estimated_browser_bandwidth_cost,0.35,0.0030896589499999996,SUCCESS,0.0030896589499999996,True
N02-038,Amazon,https://www.amazon.com/Levis-Womens-Leather-Cropped-Jacket/dp/B0DGWWGBJ4,https://www.amazon.com/dp/B0DGWWGBJ4,Context.dev,Context.dev,None,US,1,1,Lowest expected cost API for Amazon PDPs,0.85,2026-09-10T16:42:51.591264+00:00,651,429,https://www.amazon.com/dp/B0DGWWGBJ4,VALIDATION_FAILED,273,236,273,False,NONE,HTTP status 429,,B0DGWWGBJ4,,,True,False,True,False,cost_unavailable,,0.0,VALIDATION_FAILED,0.0,False
N02-038,Amazon,https://www.amazon.com/Levis-Womens-Leather-Cropped-Jacket/dp/B0DGWWGBJ4,https://www.amazon.com/dp/B0DGWWGBJ4,GeoNode DC,Donut (Datacenter),Datacenter,US,2,2,Datacenter browser rendering fallback,0.5,2026-09-10T16:42:52.243541+00:00,11953,200,https://www.amazon.com/dp/B0DGWWGBJ4,VALIDATION_FAILED,1652039,91062,11140365,False,NONE,None,Levi's Womens Faux Leather Cropped Moto Jacket,B0DGWWGBJ4,91.0,InStock,True,True,True,False,estimated_browser_bandwidth_cost,0.35,0.00393099945,VALIDATION_FAILED,0.00393099945,True
N02-038,Amazon,https://www.amazon.com/Levis-Womens-Leather-Cropped-Jacket/dp/B0DGWWGBJ4,https://www.amazon.com/dp/B0DGWWGBJ4,String,String,None,US,3,3,Full DOM API fallback,0.5,2026-09-10T16:43:04.366945+00:00,3092,200,https://www.amazon.com/dp/B0DGWWGBJ4,VALIDATED,847223,236,847223,True,NONE,None,Levi's Womens Faux Leather Cropped Moto Jacket,B0DGWWGBJ4,91.0,InStock,True,True,True,True,cost_unavailable,,0.0,SUCCESS,0.00393099945,True
N02-039,Amazon,https://www.amazon.com/CIDER-Skirts-Shorts-Decoration-Pockets/dp/B0FHPV52XM,https://www.amazon.com/dp/B0FHPV52XM,Context.dev,Context.dev,None,US,1,1,Lowest expected cost API for Amazon PDPs,0.85,2026-09-10T16:42:53.072159+00:00,644,429,https://www.amazon.com/dp/B0FHPV52XM,VALIDATION_FAILED,273,236,273,False,NONE,HTTP status 429,,B0FHPV52XM,,,True,False,True,False,cost_unavailable,,0.0,VALIDATION_FAILED,0.0,False
N02-039,Amazon,https://www.amazon.com/CIDER-Skirts-Shorts-Decoration-Pockets/dp/B0FHPV52XM,https://www.amazon.com/dp/B0FHPV52XM,GeoNode DC,Donut (Datacenter),Datacenter,US,2,2,Datacenter browser rendering fallback,0.5,2026-09-10T16:42:53.717057+00:00,13034,200,https://www.amazon.com/dp/B0FHPV52XM,VALIDATED,2328446,92870,9856060,True,NONE,None,CIDER Mini Skirt High Waist Split Party Basic A Line Skirt,B0FHPV52XM,27.0,InStock,True,True,True,True,estimated_browser_bandwidth_cost,0.35,0.0034821254999999997,SUCCESS,0.0034821254999999997,True
